filename,name,url,issue,timestamp,factuality
2nd Amendment Daily News,2nd Amendment Daily News,https://secondamendmentdaily.com,Cloudflare — Invalid SSL certificate (526),,LOW
911Truth.org,911Truth.org,https://911truth.org,Capture error,,LOW
ABC News,ABC News,https://abcnews.go.com,Connection reset by server,,HIGH
,Abort73,https://abort73.com,SSL/TLS certificate error,,MIXED
Above Top Secret,Above Top Secret,https://abovetopsecret.com,"Blank — pure white, nothing rendered",,LOW
Above the Law,Above the Law,https://abovethelaw.com,Capture error,,HIGH
Activist Mommy/Elizabeth Johnston,Activist Mommy/Elizabeth Johnston,https://elizabethjohnston.org,403 Forbidden (Cloudflare),,LOW
Africa Check,Africa Check,https://africacheck.org,Bot check — Cloudflare Verify you are human,,VERY HIGH
,Africa News,https://africanews.com,Page load timeout,,MIXED
,Aish.com,https://Aish.com,Connection reset by server,,MIXED
,Al Jazeera,https://aljazeera.com,Page load timeout,,MIXED
,Al Mayadeen,https://english.almayadeen.net,Connection reset by server,,MIXED
Al.com,Al.com,https://www.al.com,Bot check — Cloudflare Verify you are human,,HIGH
Alt News,Alt News,https://altnews.in,DNS failure — domain does not exist,,HIGH
America Magazine,America Magazine,https://americamagazine.org,Bot check — wp.com Checking your browser,,HIGH
,American Alliance for Equal Rights,https://americanallianceforequalrights.org,Navigation during capture,,MIXED
,Amoskeag Times,https://amoskeagtimes.com,SSL/TLS certificate error,,MIXED
,Anadolu Agency,https://aa.com.tr,Navigation during capture,,MIXED
Angry_White_Men_20260608_165010.png,Angry White Men,https://angrywhitemen.org,Domain hijacked — redirects to unrelated Indonesian gambling site (MURAH4D),,MIXED
Anonymous Wire,Anonymous Wire,https://anonymouswire.com,Account suspended,,LOW
Anthropocene Magazine,Anthropocene Magazine,https://anthropocenemagazine.org,403 Forbidden (Cloudflare),,HIGH
Arkansas Democrat-Gazette,Arkansas Democrat-Gazette,https://arkansasonline.com,Bot check — Cloudflare Verify you are human,,HIGH
,Asian Dawn,https://asian-dawn.com,DNS failure — domain does not exist,,MIXED
,Augusta-Richmond Herald,https://augustarichmondherald.com,SSL/TLS certificate error,,MIXED
BOOMLIVE,BOOMLIVE,https://boomlive.in,Connection reset by server,,HIGH
Bangor Daily News,Bangor Daily News,https://bangordailynews.com,Bot check — wp.com Checking your browser,,HIGH
Baton Rouge Advocate,Baton Rouge Advocate,https://theadvocate.com,Bot detected — Challenge failed: Bot detected,,HIGH
Bay Area Reporter,Bay Area Reporter,https://ebar.com,Capture error,,HIGH
,Beliefnet,https://beliefnet.com,Page load timeout,,MIXED
,Bellingcat,https://bellingcat.com,Connection reset by server,,MIXED
BerkeleySide,BerkeleySide,https://berkeleyside.org,Bot check — wp.com Checking your browser,,HIGH
Better Government Association,Better Government Association,https://bettergov.org,Bot check — wp.com Checking your browser,,HIGH
Big League Politics,Big League Politics,https://bigleaguepolitics.com,"Blank — pure white, nothing rendered",,LOW
Bipartisan Report,Bipartisan Report,https://bipartisanreport.com,Cloudflare — Web server is down (521),,LOW
Blackpool Gazette,Blackpool Gazette,https://blackpoolgazette.co.uk,Page load timeout,,HIGH
Boy Genius Report,Boy Genius Report,https://bgr.com,Too large to analyze,,HIGH
Brampton Guardian,Brampton Guardian,https://bramptonguardian.com,Bot detected — Challenge failed: Bot detected,,HIGH
Breaking Defense,Breaking Defense,https://breakingdefense.com,403 Forbidden (nginx),,HIGH
Bristol World,Bristol World,https://bristolworld.com,Page load timeout,,HIGH
,Bucks County Standard,https://buckscountystandard.com,SSL/TLS certificate error,,MIXED
,BuzzLoving,https://buzzloving.com,Page load timeout,,MIXED
C-Span,C-Span,https://c-span.org,Human verification — Let's confirm you are human,,VERY HIGH
Center for Media and Democracy,Center for Media and Democracy,https://prwatch.org,Bot check — Cloudflare Verify you are human,,HIGH
Central Florida Post,Central Florida Post,https://centralfloridapost.com,403 Forbidden (Cloudflare),,LOW
,Central Pennsylvania Times,https://centralpatimes.com,SSL/TLS certificate error,,MIXED
,Change.org,https://change.org,Connection reset by server,,MIXED
Chattanooga Times Free Press,Chattanooga Times Free Press,https://timesfreepress.com,Bot check — Cloudflare Verify you are human,,HIGH
Chicago Reporter,Chicago Reporter,https://chicagoreporter.com,Bot check — wp.com Checking your browser,,HIGH
Christian Action Network,Christian Action Network,https://christianaction.org,403 Forbidden (Cloudflare),,LOW
Clash Daily,Clash Daily,https://clashdaily.com,Bot check — Cloudflare Verify you are human,,LOW
,Cobb News,https://cobbnewsga.com,SSL/TLS certificate error,,MIXED
Colorado Springs Gazette,Colorado Springs Gazette,https://gazette.com,"Cloudflare — Sorry, you have been blocked",,HIGH
Committee for Economic development,Committee for Economic development,https://ced.org,SSL/TLS certificate error,,HIGH
Concord Monitor,Concord Monitor,https://concordmonitor.com,Bot check — wp.com Checking your browser,,HIGH
Congress.gov,Congress.gov,https://congress.gov,Bot check — Cloudflare Verify you are human,,VERY HIGH
,Congressional Agenda,https://congressionalagenda.com,Navigation during capture,,MIXED
Congressional Budget Office,Congressional Budget Office,https://www.cbo.gov/,Bot check — Cloudflare Verify you are human,,VERY HIGH
,Conservapedia,https://conservapedia.com,Page load timeout,,MIXED
Conservative Firing Line,Conservative Firing Line,https://conservativefiringline.com,Bot check — Cloudflare Verify you are human,,VERY LOW
Conservative_Review_20260608_174445.png,Conservative Review,https://conservativereview.com,Domain hijacked — page contains only third-party sponsored/clickbait ad thumbnails with no site content,,MIXED
Conservative Tribune,Conservative Tribune,https://westernjournal.com/commentary,Bot check — Cloudflare Verify you are human,,VERY LOW
Consortium_News_20260608_174458.png,Consortium News,https://consortiumnews.com,"Blank — page did not render; screenshot shows only archive sidebar date links, no main content",,MIXED
Cook Political Reports,Cook Political Reports,https://cookpolitical.com,Bot check — Cloudflare Verify you are human,,HIGH
,Copper Courier,https://coppercourier.com,Page load timeout,,MIXED
CreationWiki,CreationWiki,https://creationwiki.org,Capture error,,LOW
D.C. Circuit Breaker,D.C. Circuit Breaker,https://dccircuitbreaker.org,SSL/TLS certificate error,,HIGH
,Daily Caller,https://dailycaller.com,Page load timeout,,MIXED
,Daily Honker,https://dailyhonker.com,Page load timeout,,MIXED
Daily Mail,Daily Mail,https://dailymail.co.uk,Access denied (CDN),,LOW
,Daily Signal,https://dailysignal.com,Page load timeout,,MIXED
,Daily Sound and Fury,https://dailysoundandfury.com,SSL/TLS certificate error,,MIXED
Daily Stormer,Daily Stormer,https://dailystormer.in,DNS failure — domain does not exist,,VERY LOW
Dallas Morning News,Dallas Morning News,https://dallasnews.com,Page load timeout,,HIGH
DeadState,DeadState,https://deadstate.org,DNS failure — domain does not exist,,HIGH
Deep_Left_Field_20260608_175958.png,Deep Left Field,https://deepleftfield.info,Domain parked / for sale,,MIXED
Defense One,Defense One,https://defenseone.com,Too large to analyze,,HIGH
Defiant America,Defiant America,https://defiantamerica.com,"Cloudflare — Sorry, you have been blocked",,LOW
,Delaware Valley Sun,https://delawarevalleysun.com,SSL/TLS certificate error,,MIXED
Democracy_Guardian_20260608_180214.png,Democracy Guardian,https://democracyguardian.com,Domain hijacked — loads unrelated gambling/casino spam site (CIPIT88),,MIXED
,Dissident Voice,https://dissidentvoice.org,DNS failure — domain does not exist,,MIXED
Dnyuz_20260608_180621.png,Dnyuz,https://dnyuz.com,"Blank — image dimensions too large to render, page content unverifiable",,MIXED
Eagle Tribune,Eagle Tribune,https://eagletribune.com,Capture error,,HIGH
Ealing Times,Ealing Times,https://ealingtimes.co.uk,Page load timeout,,HIGH
Earth_First_Journal_20260608_181303.png,Earth First Journal,https://earthfirstjournal.news,401 Authorization Required (nginx),,MIXED
East Bay Times,East Bay Times,https://eastbaytimes.com,Page load timeout,,HIGH
Economics.Help,Economics.Help,https://economicshelp.org,403 Forbidden (Cloudflare),,HIGH
Epping Forest Guardian,Epping Forest Guardian,https://Eppingforestguardian.co.uk,Page load timeout,,HIGH
Eurasia Review,Eurasia Review,https://eurasiareview.com,DNS failure — domain does not exist,,HIGH
,Everett Times,https://everetttimes.com,SSL/TLS certificate error,,MIXED
Everyday_Feminism_20260608_182604.png,Everyday Feminism,https://everydayfeminism.com,"Cloudflare — Sorry, you have been blocked",,MIXED
,Factly,https://factly.in,Page load timeout,,MIXED
Fair360,Fair360,https://fair360.com,403 Forbidden (nginx),,HIGH
Fairness and Accuracy in Reporting,Fairness and Accuracy in Reporting,https://fair.org,403 Forbidden (nginx),,HIGH
Finextra,Finextra,https://finextra.com,Bot check — Cloudflare Verify you are human,,HIGH
Free_Speech_Union_20260608_184307.png,Free Speech Union,https://freespeechunion.org,Cookie consent modal blocking page — content area blank/unrendered below modal,,MIXED
Gothamist,Gothamist,https://gothamist.com,Bot check — Cloudflare Verify you are human,,HIGH
,Grand Rapids News,https://grandrapidsminews.com,SSL/TLS certificate error,,MIXED
Great Awakening,Great Awakening,https://greatawakening.win,"Cloudflare — Sorry, you have been blocked",,VERY LOW
,Gulf News,https://gulfnews.com,Page load timeout,,MIXED
,Gunster News,https://gunsternews.com,DNS failure — domain does not exist,,MIXED
Health Helpline,Health Helpline,https://health-helpline.co.nz,DNS failure — domain does not exist,,LOW
,Henderson Times,https://hendersontimes.org,SSL/TLS certificate error,,MIXED
IndustryWeek,IndustryWeek,https://industryweek.com,Bot check — Cloudflare Verify you are human,,HIGH
Inside Philanthropy,Inside Philanthropy,https://insidephilanthropy.com,403 Forbidden (Cloudflare),,HIGH
InsideNoVA,InsideNoVA,https://insidenova.com,Bot detected — Challenge failed: Bot detected,,HIGH
Institute for New Economic Thinking,Institute for New Economic Thinking,https://ineteconomics.org,Bot check — Cloudflare Verify you are human,,HIGH
,Iowa Media,https://iowa.media,Page load timeout,,MIXED
Isle of Wight County Press,Isle of Wight County Press,https://countypress.co.uk,Page load timeout,,HIGH
Jacksonville Daily News,Jacksonville Daily News,https://jdnews.com,Bot detected — Challenge failed: Bot detected,,HIGH
Joplin Globe,Joplin Globe,https://joplinglobe.com,Bot detected — Challenge failed: Bot detected,,HIGH
Just One Focus,Just One Focus,https://justonefocus.org,DNS failure — domain does not exist,,VERY LOW
,Just The News,https://justthenews.com,Page load timeout,,MIXED
KNWO - NPR - Cottonwood,KNWO - NPR - Cottonwood,https://nwpb.org,Bot check — Cloudflare Verify you are human,,HIGH
KNWO - NPR - Cottonwood,KNWO - NPR - Cottonwood,https://nwpb.org,Bot check — Cloudflare Verify you are human,,HIGH
Khaleej_Times_20260608_195844.png,Khaleej Times,https://khaleejtimes.com,Bot check — Cloudflare Verify you are human,,MIXED
Kunstler.com,Kunstler.com,https://kunstler.com,Subscription popup only (Substack),,LOW
LA_Weekly_20260608_195944.png,LA Weekly,https://laweekly.com,Bot check — Cloudflare Verify you are human,,MIXED
,La Crosse Leader,https://lacrosseleader.org,SSL/TLS certificate error,,MIXED
LaRouche PAC,LaRouche PAC,https://larouchepac.com,DNS failure — domain does not exist,,LOW
,Lancaster Courier,https://lancastercourier.com,SSL/TLS certificate error,,MIXED
Lebanon Enterprise,Lebanon Enterprise,https://pmg-ky2.com/lebanon/,Bot detected — Challenge failed: Bot detected,,HIGH
Loudoun Times-Mirror,Loudoun Times-Mirror,https://loudountimes.com,Bot detected — Challenge failed: Bot detected,,HIGH
,Macomb Digest,https://macombdigest.com,SSL/TLS certificate error,,MIXED
,Macon Report,https://maconreport.com,SSL/TLS certificate error,,MIXED
Marijuana_Policy_Project_20260608_201002.png,Marijuana Policy Project,https://mpp.org,Bot check — Cloudflare Performing security verification,,MIXED
MarketScreener_20260608_201052.png,MarketScreener,https://marketscreener.com,Access Denied (Akamai edgesuite),,MIXED
,Mecklenburg Herald,https://mecklenburgherald.com,SSL/TLS certificate error,,MIXED
,Mexico City Post,https://themexicocitypost.com,DNS failure — domain does not exist,,MIXED
,Mid Michigan Standard,https://midmichiganstd.com,SSL/TLS certificate error,,MIXED
,Mile High Sentinel,https://milehighsentinel.com,SSL/TLS certificate error,,MIXED
Milford Mercury,Milford Mercury,https://milfordmercury.co.uk,Page load timeout,,HIGH
,Milwaukee Metro Times,https://milwaukeemetrotimes.com,SSL/TLS certificate error,,MIXED
Minding_the_Campus_20260608_201647.png,Minding the Campus,https://mindingthecampus.org,Bot check — Cloudflare Verify you are human,,MIXED
,Minnesota Citizens Concerned for Life,https://mccl.org,SSL/TLS certificate error,,MIXED
Mississippi Free Press,Mississippi Free Press,https://mississippifreepress.org,Bot detected — Challenge failed: Bot detected,,HIGH
Monadnock Ledger-Transcript,Monadnock Ledger-Transcript,https://home.ledgertranscript.com,Capture error,,HIGH
,NORML,https://norml.org,SSL/TLS certificate error,,MIXED
Narratively_20260608_203619.png,Narratively,https://narratively.com,Subscription popup only,,MIXED
National_Catholic_Reporter_20260608_203649.png,National Catholic Reporter,https://ncronline.org,Bot check — Cloudflare Verify you are human,,MIXED
National_Health_Freedom_Coalition_20260608_203747.png,National Health Freedom Coalition,https://nationalhealthfreedom.org,403 Forbidden (Amazon CloudFront),,MIXED
National_Interest_20260608_203756.png,National Interest,https://nationalinterest.org,403 Forbidden (nginx),,MIXED
National Law Review,National Law Review,https://natlawreview.com,Page load timeout,,HIGH
Newsrael_20260608_204206.png,Newsrael,https://newsrael.com,Subscription popup only — full-screen 'Get Access Now' registration gate (Step 1 of 4),,MIXED
Newzoh,Newzoh,https://newzoh.com,DNS failure — domain does not exist,,LOW
,No Left Turn in Education,https://noleftturn.us,Page load timeout,,MIXED
,Northeast Herald,https://northeastherald.org,SSL/TLS certificate error,,MIXED
,Northern Clark County Herald,https://northernclarkcountyherald.com,SSL/TLS certificate error,,MIXED
,Northern Wisconsin Times,https://northernwitimes.com,SSL/TLS certificate error,,MIXED
,Northwest Lake Times,https://nwlaketimes.com,SSL/TLS certificate error,,MIXED
,OTP Tribune,https://otptribune.com,SSL/TLS certificate error,,MIXED
,Oakland Times,https://oaklandtimes.org,SSL/TLS certificate error,,MIXED
Ocala-News_20260608_210007.png,Ocala-News,https://ocala-news.com,"Page rendering failure — all images rotated sideways, layout broken/corrupted",,MIXED
OnTheWight,OnTheWight,https://onthewight.com,Bot check — Cloudflare Verify you are human,,HIGH
,Out Magazine,https://out.com,Connection reset by server,,MIXED
,Piedmont Tribune,https://piedmonttribune.com,SSL/TLS certificate error,,MIXED
Pike County News Watchman,Pike County News Watchman,https://newswatchman.com,Bot detected — Challenge failed: Bot detected,,HIGH
,Pima Times,https://pimatimes.com,SSL/TLS certificate error,,MIXED
Polk County Standard-Journal,Polk County Standard-Journal,https://northwestgeorgianews.com/polk_standard_journal/,Bot detected — Challenge failed: Bot detected,,HIGH
Popular Information,Popular Information,https://popular.info,Subscription popup only (Substack),,HIGH
Poynter Institute,Poynter Institute,https://poynter.org,Bot check — Cloudflare Verify you are human,,HIGH
Quad City Times,Quad City Times,https://qctimes.com,Bot detected — Challenge failed: Bot detected,,HIGH
Quadrant_Magazine_20260608_211437.png,Quadrant Magazine,https://quadrant.org.au,Bot check — Cloudflare Performing security verification,,MIXED
Queerty,Queerty,https://queerty.com,Bot check — Cloudflare Verify you are human,,HIGH
RadarOnline,RadarOnline,https://radaronline.com,Page load timeout,,LOW
Radio_Free_Europe_Radio_Liberty_20260608_211514.png,Radio Free Europe / Radio Liberty,https://rferl.org,Access denied (Akamai edgesuite),,MIXED
Radio_Free_Europe_Radio_Liberty_20260608_211514.png,Radio Free Europe / Radio Liberty,https://rferl.org,Access denied (Akamai edgesuite),,MIXED
Reader_s_Digest_20260608_211625.png,Reader's Digest,https://rd.com,Bot check — Cloudflare Verify you are human,,MIXED
RealClearPolling,RealClearPolling,https://realclearpolling.com,Bot check — Cloudflare Verify you are human,,HIGH
,RedState,https://redstate.com,Page load timeout,,MIXED
Regated_News_20260608_212108.png,Regated News,https://regated.com,Bot check — Cloudflare Verify you are human,,MIXED
Relevant Magazine,Relevant Magazine,https://relevantmagazine.com,Page load timeout,,HIGH
Rense,Rense,https://rense.com,Page load timeout,,VERY LOW
Rensselaer Republican,Rensselaer Republican,https://newsbug.info/rensselaer_republican/,Bot detected — Challenge failed: Bot detected,,HIGH
Ring_of_Fire_20260608_212320.png,Ring of Fire,https://trofire.com,Domain parked / for sale,,MIXED
,Rock Valley Times,https://rockvalleytimes.com,SSL/TLS certificate error,,MIXED
,Rockinghamd Journal,https://rockinghamjournal.com,SSL/TLS certificate error,,MIXED
Salem News,Salem News,https://salemnews.com,Bot detected — Challenge failed: Bot detected,,HIGH
San Bernadino Sun,San Bernadino Sun,https://sbsun.com,Page load timeout,,HIGH
San Diego Reader,San Diego Reader,https://sandiegoreader.com,Bot check — Cloudflare Verify you are human,,HIGH
San Diego Union Tribune,San Diego Union Tribune,https://sandiegouniontribune.com,Page load timeout,,HIGH
Santa Maria Times,Santa Maria Times,https://santamariatimes.com,Bot detected — Challenge failed: Bot detected,,HIGH
,Savannah Sun Times,https://savannahsuntimes.com,SSL/TLS certificate error,,MIXED
Sciencing,Sciencing,https://sciencing.com,Too large to analyze,,HIGH
,ScoopWhoop,https://scoopwhoop.com,SSL/TLS certificate error,,MIXED
,Seacoast Standard,https://seacoaststandard.org,SSL/TLS certificate error,,MIXED
Seattle Times,Seattle Times,https://seattletimes.com,Bot check — Max challenge attempts exceeded,,HIGH
Sharon Herald,Sharon Herald,https://sharonherald.com,Bot detected — Challenge failed: Bot detected,,HIGH
,South Middlesex Times,https://southmiddlesextimes.com,SSL/TLS certificate error,,MIXED
,Southeastern Times,https://southeasterntimes.org,SSL/TLS certificate error,,MIXED
,Southern Colorado Times,https://southerncoloradotimes.com,SSL/TLS certificate error,,MIXED
Sputnik News Agency - India,Sputnik News Agency - India,https://Sputniknews.in,DNS failure — domain does not exist,,VERY LOW
Stillwater County News,Stillwater County News,https://stillwatercountynews.com,Bot detected — Challenge failed: Bot detected,,HIGH
Stillwater News Press,Stillwater News Press,https://stwnewspress.com,Bot detected — Challenge failed: Bot detected,,HIGH
Stilwell Democrat,Stilwell Democrat,https://stilwelldemocrat.com,Bot detected — Challenge failed: Bot detected,,HIGH
,Summerlin Reporter,https://summerlinreporter.com,SSL/TLS certificate error,,MIXED
Tax Policy Center,Tax Policy Center,https://taxpolicycenter.org,"Cloudflare — Sorry, you have been blocked",,HIGH
Texas Tribune,Texas Tribune,https://texastribune.org,Bot check — wp.com Checking your browser,,HIGH
The Austin Chronicle,The Austin Chronicle,https://austinchronicle.com,Bot check — wp.com Checking your browser,,HIGH
The Breach,The Breach,https://breachmedia.ca,Navigation during capture,,HIGH
The City,The City,https://thecity.nyc,Bot check — wp.com Checking your browser,,HIGH
The_Flyover_20260608_220825.png,The Flyover,https://jointheflyover.com,"Blank — page failed to render, only random text visible",,MIXED
The Gay Center,The Gay Center,https://gaycenter.org,403 Forbidden (nginx),,HIGH
,The Limited Times,https://newsrnd.com,Connection reset by server,,MIXED
The Mountain Times,The Mountain Times,https://wataugademocrat.com/mountaintimes/,Capture error,,HIGH
The_New_Daily_20260608_221326.png,The New Daily,https://thenewdaily.com.au,Bot check — Cloudflare Verify you are human,,MIXED
The Patriot Light,The Patriot Light,https://thepatriotlight.com,DNS failure — domain does not exist,,LOW
The_People_s_Dispatch_20260608_221502.png,The People's Dispatch,https://peoplesdispatch.org,Bot check — Cloudflare Verify you are human,,MIXED
,The Politics Brief,https://thepoliticsbrief.com,Connection reset by server,,MIXED
The Quint,The Quint,https://thequint.com,DNS failure — domain does not exist,,HIGH
The Stokes News,The Stokes News,https://thestokesnews.com,Bot detected — Challenge failed: Bot detected,,HIGH
The_US_Sun_20260608_221622.png,The US Sun,https://the-sun.com,Bot detected — Verification failed. Please try again,,MIXED
,TheGreggJarrett.com,https://thegreggjarrett.com,DNS failure — domain does not exist,,MIXED
ThePrint_20260608_221655.png,ThePrint,https://theprint.in,403 Forbidden (nginx),,MIXED
TheQanons.com,TheQanons.com,https://theqanons.com,DNS failure — domain does not exist,,VERY LOW
This_Is_Money_20260608_221704.png,This Is Money,https://thisismoney.co.uk,Access denied (Akamai EdgeSuite),,MIXED
Thompson Citizen,Thompson Citizen,https://thompsoncitizen.net,DNS failure — domain does not exist,,HIGH
,Three Rivers Gazette,https://threeriversgazette.com,SSL/TLS certificate error,,MIXED
,Times of South Africa,https://timeslive.co.za,SSL/TLS certificate error,,MIXED
,Tri-City Record,https://tri-cityrecord.org,SSL/TLS certificate error,,MIXED
,Triangle News,https://trianglenews.org,SSL/TLS certificate error,,MIXED
Trump_Train_News_20260608_222131.png,Trump Train News,https://trumptrainnews.com,"Blank — only logo/splash screen rendered, no news content",,MIXED
,Two Rivers News,https://tworiversnews.org,SSL/TLS certificate error,,MIXED
URL_Media_20260608_222231.png,URL Media,https://url-media.com,"Blank — mostly white page, content failed to load",,MIXED
,Upper Peninsula Times,https://upperpeninsulatimes.com,SSL/TLS certificate error,,MIXED
Vaccine Safety Research Foundation,Vaccine Safety Research Foundation,https://vacsafety.org,403 Forbidden (Cloudflare),,LOW
,Valley Gazette,https://valleygazette.org,SSL/TLS certificate error,,MIXED
Vigilant News,Vigilant News,https://vigilantnews.com,Cloudflare — Invalid SSL certificate (526),,LOW
WABC_Radio_-_New_York_20260608_222733.png,WABC Radio - New York,https://wabcradio.com,403 Forbidden,,MIXED
WABE - NPR - Atlanta,WABE - NPR - Atlanta,https://wabe.org,Bot check — Cloudflare Verify you are human,,HIGH
,WFTW - 1260 AM - Fort Walton Beach,https://wftw.com,Capture error,,MIXED
Walker County Messenger,Walker County Messenger,https://northwestgeorgianews.com/catoosa_walker_news/,Bot detected — Challenge failed: Bot detected,,HIGH
Washington Times-Herald,Washington Times-Herald,https://washtimesherald.com,Bot detected — Challenge failed: Bot detected,,HIGH
,Washoe Gazette,https://washoegazette.com,SSL/TLS certificate error,,MIXED
,Wayne Herald,https://wayneherald.org,SSL/TLS certificate error,,MIXED
WayneDupree.com,WayneDupree.com,https://waynedupree.com,SSL/TLS certificate error,,LOW
Wide Awake Media,Wide Awake Media,https://wide-awake-media.com,DNS failure — domain does not exist,,LOW
,Wisconsin Lake Times,https://wisconsinlaketimes.com,SSL/TLS certificate error,,MIXED
YnetNews,YnetNews,https://ynetnews.com,Capture error,,HIGH
YourTango_20260608_224426.png,YourTango,https://yourtango.com,"Blank — geo-redirect/country-selector page rendered, no usable website content",,MIXED
,Yuma Standard,https://yumastandard.com,SSL/TLS certificate error,,MIXED
,2020 Conservative,http://2020conservative.com,Not captured,,VERY LOW
,Al Manar,http://english.almanar.com.lb,Not captured,,MIXED
,Al Mayadeen,http://english.almayadeen.net,Not captured,,MIXED
,Basnews Agency,http://basnews.com,Not captured,,MIXED
Bbarta24_20260620_185815.png,Bbarta24,http://en.bbarta24.net,Visual error — moved to errors/,2026-06-20 18:58:15,MIXED
,BDnews24,http://BDnews24.com,Not captured,,MIXED
Breakingnews247_20260620_185856.png,Breakingnews247,http://Breakingnews247.net,Visual error — moved to errors/,2026-06-20 18:58:56,LOW
,Brokeonomics,http://Brokeonomics.News,Not captured,,LOW
,C19bromhexine,http://C19bromhexine.com,Not captured,,MIXED
,C19favipiravir,http://C19favipiravir.com,Not captured,,MIXED
C19fluvoxamine_20260620_185916.png,C19fluvoxamine,http://C19fluvoxamine.com,Visual error — moved to errors/,2026-06-20 18:59:16,MIXED
C19proxalutamide_20260620_185924.png,C19proxalutamide,http://C19proxalutamide.com,Visual error — moved to errors/,2026-06-20 18:59:24,MIXED
,C19pvpi,http://C19pvpi.com,Not captured,,MIXED
C19VitaminC_20260620_185930.png,C19VitaminC,http://C19VitaminC.com,Visual error — moved to errors/,2026-06-20 18:59:30,MIXED
,C19Zinc,http://C19Zinc.com,Not captured,,MIXED
,Chihuahua Post,http://chihuahuapost.com,Not captured,,MIXED
DNyuz_20260620_190245.png,DNyuz,http://dnyuz.com,Visual error — moved to errors/,2026-06-20 19:02:45,MIXED
,Durango Post,http://durangopost.com,Not captured,,MIXED
,Flashout,http://thecareerbg.com,Not captured,,MIXED
GoodGopher_20260620_190420.png,GoodGopher,http://www.goodgopher.com,Visual error — moved to errors/,2026-06-20 19:04:20,VERY LOW
,Granma (Cuba),http://en.granma.cu,Not captured,,MIXED
Hawar_News_Agancy_20260620_190455.png,Hawar News Agancy,http://en.hawarnews.com,Visual error — moved to errors/,2026-06-20 19:04:55,LOW
,MediaBuzz,http://MediaBuzz.org,Not captured,,LOW
,Mesa Times,http://mesatimes.com,Not captured,,MIXED
,Mexico City Post,http://themexicocitypost.com,Not captured,,MIXED
,PoliticalDiscussion,http://political-discussion.com,Not captured,,LOW
Red_Voice_Media_20260620_190821.png,Red Voice Media,http://redvoicemedia.com,Visual error — moved to errors/,2026-06-20 19:08:21,LOW
Rogue_Review_20260620_190828.png,Rogue Review,http://roguereview.net,Visual error — moved to errors/,2026-06-20 19:08:28,LOW
,Speech Point,http://speech-point.com,Not captured,,LOW
,WorldGreyNews,http://WorldGreyNews.com,Not captured,,VERY LOW (10.0)
,Central Oregon Times,http://centraloregaontimes.com,Not captured,,MIXED
,Rossiya Segodyna,http://rossiyasegodyna.com,Not captured,,LOW
,Sputnik News Agency – Italia,http://it.sputniknews.com,Not captured,,VERY LOW
Southern_Colorado_Times_20260620_191342.png,Southern Colorado Times,http://southerncoloradotimes.com,Visual error — moved to errors/,2026-06-20 19:13:42,MIXED
Live_Leak_20260620_191532.png,Live Leak,http://www.liveleak.com,Visual error — moved to errors/,2026-06-20 19:15:32,MIXED
,The Angry Patriot,http://www.angrypatriotmovement.com,Not captured,,
Peachtree_Gazette_20260620_191818.png,Peachtree Gazette,http://peachtreegazette.com,Visual error — moved to errors/,2026-06-20 19:18:18,MIXED
,Righter Way,http://righterway.com,Not captured,,LOW
,Rumble,http://rumble.com,Not captured,,LOW
,The Published Reporter,http://publishedreporter.com,Not captured,,LOW
Preppers_Daily_News_20260620_192037.png,Preppers Daily News,http://preppersdailynews.com,Visual error — moved to errors/,2026-06-20 19:20:37,LOW
Conservative_Tribune_20260620_192137.png,Conservative Tribune,http://www.westernjournal.com,Visual error — moved to errors/,2026-06-20 19:21:37,VERY LOW
,Summit News,https://summit.news,Not captured,,LOW
New_York_Business_Daily_20260620_192401.png,New York Business Daily,http://nybusinessdaily.com,Visual error — moved to errors/,2026-06-20 19:24:01,MIXED
,Triangle News,http://trianglenews.org,Not captured,,MIXED
Idaho_Freedom_Foundation_20260620_192612.png,Idaho Freedom Foundation,http://idahofreedom.org,Visual error — moved to errors/,2026-06-20 19:26:12,LOW
,Upper Bucks Today,http://upperbucktoday.com,Not captured,,MIXED
,NEO – New Eastern Outlook,http://journal-neo.org,Not captured,,LOW
News_Punch_20260620_192850.png,News Punch,http://newspunch.com,Visual error — moved to errors/,2026-06-20 19:28:50,VERY LOW
Sohu_20260620_193324.png,Sohu,http://Sohu.com,Visual error — moved to errors/,2026-06-20 19:33:24,MIXED
,American Action News,http://americanactionnews.com,Not captured,,MIXED
Kursk_News_20260620_193504.png,Kursk News –,http://kursk-news.net,Visual error — moved to errors/,2026-06-20 19:35:04,VERY LOW
,The Sons of Liberty Media,https://washingtonstatestandard.com/,Not captured,,LOW
Republican_National_Committee_RNC_20260620_193705.png,Republican National Committee (RNC),http://gop.com,Visual error — moved to errors/,2026-06-20 19:37:05,MIXED
,Buzzloving,http://buzzloving.com,Not captured,,MIXED
Sinhala_Guide_20260620_193713.png,Sinhala Guide,http://sinhalaguide.com,Visual error — moved to errors/,2026-06-20 19:37:13,LOW
,Press TV,http://www.presstv.com,Not captured,,LOW
Oakland_Times_20260620_194034.png,Oakland Times,http://oaklandtimes.org,Visual error — moved to errors/,2026-06-20 19:40:34,MIXED
,Shafaq News,http://shafaaq.com,Not captured,,MIXED
NewsWars_20260620_194147.png,NewsWars,http://newswars.com,Visual error — moved to errors/,2026-06-20 19:41:47,LOW
Populist_20260620_194257.png,Populist,http://Populist.Press,Visual error — moved to errors/,2026-06-20 19:42:57,LOW
The_Paper_20260620_194347.png,The Paper,http://thepaper.cn,Visual error — moved to errors/,2026-06-20 19:43:47,MIXED
,Central Louisiana News,http://centrallousiananews.com,Not captured,,MIXED
,Europe-Israel News,http://europe-israel.org,Not captured,,MIXED
,East Montgomery Times,http://Eastmontimes.com,Not captured,,MIXED
,Sovren,http://Sovren.Media,Not captured,,LOW
,Pontiac Times,http://pontiacttimes.com,Not captured,,MIXED
,Eagle Rising,http://eaglerising.com,Not captured,,
,Livingston Today,http://livingstonetoday.com,Not captured,,MIXED
,Connecticut Centinal,http://connecticutsentinal.com,Not captured,,LOW
,Al Arabiya,http://english.alarabiya.net,Not captured,,MIXED
,Syriana Analysis,http://syriana-analysis.com,Not captured,,MIXED
,Southwest Allegheny News,http://swalleghenymews.com,Not captured,,MIXED
,The Blue State Conservative,http://thebluestateconservative.com,Not captured,,LOW
GreatReject_20260620_195845.png,GreatReject,http://greatreject.org,Visual error — moved to errors/,2026-06-20 19:58:45,VERY LOW
,Syria News,https://syrianews.cc/,Not captured,,LOW
,American Freedom Fighters,http://www.americasfreedomfighters.com,Not captured,,LOW
Izvestia_20260620_200027.png,Izvestia,http://iz.ru,Visual error — moved to errors/,2026-06-20 20:00:27,MIXED
,White Church News,http://bc-news.ru,Not captured,,VERY LOW
,Montana Business Daily,http://mybusinessdaily.com,Not captured,,MIXED
,Kramatorsk News,http://kramatorsk-news.ru,Not captured,,VERY LOW
Vanguard_America_20260620_200335.png,Vanguard America,http://bloodandsoil.org,Visual error — moved to errors/,2026-06-20 20:03:35,VERY LOW
The_Conservative_Papers_20260620_200342.png,The Conservative Papers,http://conservativepapers.com,Visual error — moved to errors/,2026-06-20 20:03:42,MIXED
,Washoe Gazette,http://washoegazette.com,Not captured,,MIXED
OTP_Tribune_20260620_200531.png,OTP Tribune,http://otptribune.com,Visual error — moved to errors/,2026-06-20 20:05:31,MIXED
The_Midwesterner_20260620_200605.png,The Midwesterner,http://themidwesterner.news,Visual error — moved to errors/,2026-06-20 20:06:05,MIXED
The_Patriotic_Times_20260620_200643.png,The Patriotic Times,http://thepatriotictimes.com,Visual error — moved to errors/,2026-06-20 20:06:43,LOW
,Illicit Info,http://illicitinfo.com,Not captured,,LOW
The_Politics_Brief_20260620_200735.png,The Politics Brief,http://thepoliticsbrief.com,Visual error — moved to errors/,2026-06-20 20:07:35,MIXED
,No Left Turn in Education,http://noleftturn.us,Not captured,,MIXED
,Gnews,http://gnews.org,Not captured,,LOW
,Chernovcy-news,http://Chernovcy-news.ru,Not captured,,VERY LOW
Wayne_Herald_20260620_200934.png,Wayne Herald,http://wayneherald.org,Visual error — moved to errors/,2026-06-20 20:09:34,MIXED
Daily_Stormer_20260620_201023.png,Daily Stormer,http://dailystormer.name,Visual error — moved to errors/,2026-06-20 20:10:23,VERY LOW
,Chernigov-news,http://Chernigov-news.ru,Not captured,,VERY LOW
,Daily Honker,http://dailyhonker.com,Not captured,,MIXED
Three_Percent_Nation_20260620_201648.png,Three Percent Nation,http://threepercentnation.com,Visual error — moved to errors/,2026-06-20 20:16:48,LOW
,Daily Mail,http://www.dailymail.co.uk,Not captured,,LOW
SouthEastern_Times_20260620_201853.png,SouthEastern Times,http://southeasterntimes.org,Visual error — moved to errors/,2026-06-20 20:18:53,MIXED
The_RFAngle_20260620_201908.png,The RFAngle,http://rfangle.com,Visual error — moved to errors/,2026-06-20 20:19:08,MIXED
True_Activist_20260620_202012.png,True Activist,http://www.truthexam.com,Visual error — moved to errors/,2026-06-20 20:20:12,
,The Patriot Light,http://thepatriotlight.com,Not captured,,LOW
,Vigilant News,http://vigilantnews.com,Not captured,,LOW
Tuckercarlson_20260620_202330.png,Tuckercarlson,http://Tuckercarlson.com,Visual error — moved to errors/,2026-06-20 20:23:30,LOW
,Valley Gazette,http://valleygazette.org,Not captured,,MIXED
Family_Survival_Headlines_20260620_202437.png,Family Survival Headlines,http://familysurvivalheadlines.com,Visual error — moved to errors/,2026-06-20 20:24:37,MIXED
,Altay News,http://altay-news.net,Not captured,,VERY LOW
,Vancouver Times,http://vancouvertimes.org,Not captured,,MIXED
,Cardinal & Pine,http://cardinalpine.com,Not captured,,MIXED
,Freedom News Report,http://freedomnewsreport.com,Not captured,,MIXED
,Sputnik News Agency – Germany,http://snanews.de,Not captured,,VERY LOW
New_Nation_News_20260620_202808.png,New Nation News,http://www.newnation.org,Visual error — moved to errors/,2026-06-20 20:28:08,VERY LOW
,USSA News,http://ussanews.com,Not captured,,LOW
,Greene County Times,http://greencotimes.com,Not captured,,MIXED
,Church Militant,http://www.churchmilitant.com,Not captured,,MIXED
Profile_20260620_202854.png,Profile,http://Profile.ru,Visual error — moved to errors/,2026-06-20 20:28:54,MIXED
,Kirovograd News,http://kirovograd-news.ru,Not captured,,VERY LOW
The_Proud_Liberal_20260620_203237.png,The Proud Liberal,http://theproudliberal.org,Visual error — moved to errors/,2026-06-20 20:32:37,MIXED
Truth_in_Media_20260620_203243.png,Truth in Media,http://truthinmedia.com,Visual error — moved to errors/,2026-06-20 20:32:43,LOW
,Kamala Border Bloodbath,http://kamalaborderbloodbath.com,Not captured,,MIXED
,PolitNavigator,http://politnavigator.net,Not captured,,MIXED
Big_League_Politics_20260620_203438.png,Big League Politics,http://bigleaguepolitics.com,Visual error — moved to errors/,2026-06-20 20:34:38,LOW
,Globe Magazine,http://www.globemagazine.com,Not captured,,
,American Thinker,http://www.americanthinker.com,Not captured,,LOW
Moms_For_Liberty_20260620_203630.png,Moms For Liberty,http://momsforliberty.org,Visual error — moved to errors/,2026-06-20 20:36:30,MIXED
Black_Genocide_20260620_203744.png,Black Genocide,http://www.blackgenocide.org,Visual error — moved to errors/,2026-06-20 20:37:44,LOW
,USAnetwork.info,http://usanetwork.info,Not captured,,
Deep_Left_Field_20260620_204011.png,Deep Left Field,http://deepleftfield.info,Visual error — moved to errors/,2026-06-20 20:40:11,MIXED
,Georgia-News,http://Georgia-News.com,Not captured,,VERY LOW
,Tasnim News Agency,http://www.tasnimnews.com,Not captured,,MIXED
,EurAsia Daily,http://eadaily.com,Not captured,,LOW
NZ_Report_20260620_204311.png,NZ Report,http://nzreport.com,Visual error — moved to errors/,2026-06-20 20:43:11,MIXED
,DeadState,http://deadstate.org,Not captured,,LOW
Just_the_Facts_20260620_204448.png,Just the Facts,http://justhefacts.org,Visual error — moved to errors/,2026-06-20 20:44:48,MIXED
News-Armenia_20260620_204521.png,News-Armenia,http://News-Armenia.com,Visual error — moved to errors/,2026-06-20 20:45:21,VERY LOW
Rockingham_Journal_20260620_204529.png,Rockingham Journal,http://rockinghamjournal.com,Visual error — moved to errors/,2026-06-20 20:45:29,MIXED
,Newzoh,http://newszoh.com,Not captured,,LOW
NDTV_20260620_204942.png,NDTV,http://www.ndtv.com,Visual error — moved to errors/,2026-06-20 20:49:42,MIXED
,Good Day San Angelo,http://gooddaysanagelo.com,Not captured,,MIXED
The_Liberty_Loft_20260620_205127.png,The Liberty Loft,http://thelibertyloft.com,Visual error — moved to errors/,2026-06-20 20:51:27,MIXED
,For the Right News,http://fortherightnews.com,Not captured,,LOW
Rock_Valley_Times_20260620_205351.png,Rock Valley Times,http://rockvalleytimes.com,Visual error — moved to errors/,2026-06-20 20:53:51,MIXED
,American Liberty Report,http://www.americanlibertyreport.com,Not captured,,LOW
,Conservative Post,http://conservativepost.com,Not captured,,LOW
Great_American_Daily_20260620_205458.png,Great American Daily,http://greatamericandaily.com,Visual error — moved to errors/,2026-06-20 20:54:58,LOW
St._Louis_Record_20260620_205520.png,St. Louis Record,http://stlrecord.com,Visual error — moved to errors/,2026-06-20 20:55:20,MIXED
,East Witchita Times,http://eastwitchitatimes.com,Not captured,,MIXED
,Townhall,http://townhall.com,Not captured,,MIXED
,DEBKAfile,http://www.debka.com,Not captured,,MIXED
,Maine Daily News,http://mainedailynews.com,Not captured,,MIXED
,Ivov News,http://ivov-news.ru,Not captured,,VERY LOW
,Resist the Mainstream,http://resistthemainsteam.org,Not captured,,MIXED
Unity_News_Network_20260620_210315.png,Unity News Network,http://unitynewsnetwork.co.uk,Visual error — moved to errors/,2026-06-20 21:03:15,MIXED
,Daily Abilene,http://dailyabilene.com,Not captured,,MIXED
,Upper Peninsula Times,http://Upperpeninsulatimes.com,Not captured,,MIXED
,War Room (Steve Bannon),http://warroom.org,Not captured,,VERY LOW
The_Washington_State_Standard_20260620_210444.png,The Washington State Standard,https://washingtonstatestandard.com/,Visual error — moved to errors/,2026-06-20 21:04:44,
,Wired Conservative,http://wiredconservative.com,Not captured,,MIXED
GETTR_20260620_210525.png,GETTR,http://gettr.com,Visual error — moved to errors/,2026-06-20 21:05:25,LOW
,Conservapedia,http://www.conservapedia.com,Not captured,,MIXED
,Fash the Nation,http://fashthenation.com,Not captured,,VERY LOW
,Patriot Voice News,http://patriotvoicenews.com,Not captured,,VERY LOW
Genspect_20260620_210723.png,Genspect,http://genspect.org,Visual error — moved to errors/,2026-06-20 21:07:23,LOW
Cultural_Action_Party_of_Canada_20260620_210754.png,Cultural Action Party of Canada,http://capforcanada.com,Visual error — moved to errors/,2026-06-20 21:07:54,LOW
Lehigh_Valley_News_20260620_210758.png,Lehigh Valley News,http://lehighnews.org,Visual error — moved to errors/,2026-06-20 21:07:58,MIXED
,Lithuania-news,http://Lithuania-news.com,Not captured,,VERY LOW
Latvia-news_20260620_210834.png,Latvia-news,http://Latvia-news.com,Visual error — moved to errors/,2026-06-20 21:08:34,VERY LOW
NN_News_20260620_210854.png,NN News,http://nn-news.net,Visual error — moved to errors/,2026-06-20 21:08:54,VERY LOW
,National Enquirer,http://www.nationalenquirer.com,Not captured,,LOW
,Western Journal,http://westernjournal.com,Not captured,,MIXED
,Viral Cocaine,http://viralcocaine.com,Not captured,,LOW
,Colorado Free Press,http://coloradofreepress.com,Not captured,,LOW
Mic_Drop_Politics_20260620_211652.png,Mic Drop Politics,http://micdroppolitics.com,Visual error — moved to errors/,2026-06-20 21:16:52,LOW
John_Birch_Society_20260620_211747.png,John Birch Society,http://jbs.org,Visual error — moved to errors/,2026-06-20 21:17:47,LOW
,Balashiha News,http://balashiha-news.ru,Not captured,,VERY LOW
,Chambana Sun,http://chambabasun.com,Not captured,,MIXED
,The Kyle Becker (Relentless),http://thekylebecker.com,Not captured,,LOW
,Students for Trump,http://trumpstudents.org,Not captured,,MIXED
,US Department of Health and Human Services,http://hhs.gov,Not captured,,MIXED
Causeur_20260620_212303.png,Causeur,http://causeur.fr,Visual error — moved to errors/,2026-06-20 21:23:03,LOW
,4Chan,http://4Chan.org,Not captured,,VERY LOW
National_Alliance_20260620_212512.png,National Alliance,http://natall.com,Visual error — moved to errors/,2026-06-20 21:25:12,VERY LOW
,Novgorad News,http://novgorad-news.net,Not captured,,VERY LOW
24_20260620_212828.png,Агрегатор 24СМИ,http://ex.24smi.info,Visual error — moved to errors/,2026-06-20 21:28:28,LOW
Judicial_Watch_20260620_212852.png,Judicial Watch,http://www.judicialwatch.org,Visual error — moved to errors/,2026-06-20 21:28:52,LOW
,Gates of Vienna,http://gatesofvienna.net,Not captured,,VERY LOW
Cap_News_20260620_213316.png,Cap News,http://cap-news.com,Visual error — moved to errors/,2026-06-20 21:33:16,
South_Middlesex_Times_20260620_213428.png,South Middlesex Times,http://southmiddlesextimes.com,Visual error — moved to errors/,2026-06-20 21:34:28,MIXED
,Flex Mag,http://www.usafortrumponline.com,Not captured,,
The_Desert_Review_20260620_213745.png,The Desert Review,http://thedesertreview.com,Visual error — moved to errors/,2026-06-20 21:37:45,MIXED
,Makeevka News,http://news-makeevka.com,Not captured,,VERY LOW
,Toledo Reporter,http://toldedoreporter.com,Not captured,,MIXED
,SwampDrain.com,http://swampdrain.com,Not captured,,LOW
,Yuma Standard,http://yumastandard.com,Not captured,,MIXED
,Gazeta-Kharkiv,http://Gazeta-Kharkiv.ua,Not captured,,VERY LOW
,Tuscawaras News,http://tuscawarasnews.com,Not captured,,MIXED
,News89TV,http://News89TV.com,Not captured,,LOW
,Tea Party Inc.,http://www.teaparty.org,Not captured,,LOW
Three_Rivers_Gazette_20260620_214355.png,Three Rivers Gazette,http://threeriversgazette.com,Visual error — moved to errors/,2026-06-20 21:43:55,MIXED
,Mixi.Media,http://mixi.media,Not captured,,LOW
DJHJ_Media_20260620_214812.png,DJHJ Media,http://djhjmedia.com,Visual error — moved to errors/,2026-06-20 21:48:12,LOW
Bipartisan_Report_20260620_214824.png,Bipartisan Report,http://www.bipartisanreport.com,Visual error — moved to errors/,2026-06-20 21:48:24,LOW
InfoScum_20260620_214938.png,InfoScum,http://www.infoscum.com,Visual error — moved to errors/,2026-06-20 21:49:38,MIXED
,Tri-City Record,http://tri-cityrecord.org,Not captured,,MIXED
,Teller Report,http://tellerreport.com,Not captured,,MIXED
Activist_Mommy_20260620_215118.png,Activist Mommy,http://activistmommy.com,Visual error — moved to errors/,2026-06-20 21:51:18,LOW
News_Heist_20260620_215124.png,News Heist,http://newsheist.com,Visual error — moved to errors/,2026-06-20 21:51:24,LOW
,Americans Are Pissed,http://americansarepissed.com,Not captured,,
,The Covid World,http://thecovidworld.com,Not captured,,VERY LOW
,Visegrad 24,http://visegrad24.com,Not captured,,LOW
,YourNews,http://YourNews.com,Not captured,,MIXED
U.S._Department_of_War_20260620_215642.png,U.S. Department of War,http://war.gov,Visual error — moved to errors/,2026-06-20 21:56:42,MIXED
Search_the_Right_20260620_215838.png,Search the Right,http://searchtheright.com,Visual error — moved to errors/,2026-06-20 21:58:38,LOW
PolitRussia_20260620_215842.png,PolitRussia,http://politros.com,Visual error — moved to errors/,2026-06-20 21:58:42,MIXED
,Bare Naked Islam,http://www.barenakedislam.com,Not captured,,LOW
Two_Rivers_News_20260620_220131.png,Two Rivers News,http://tworiversnews.org,Visual error — moved to errors/,2026-06-20 22:01:31,MIXED
BitChute_20260620_220141.png,BitChute,http://bitchute.com,Visual error — moved to errors/,2026-06-20 22:01:41,VERY LOW
,WayneDupree,http://WayneDupree.com,Not captured,,LOW
,Macomb Journal,http://macombjournal.com,Not captured,,MIXED
NRL_News_Today_20260620_220407.png,NRL News Today,http://nationalrighttolifenews.org,Visual error — moved to errors/,2026-06-20 22:04:07,LOW
Russia_Vs._World_20260620_220632.png,Russia Vs. World,http://russiavsworld.org,Visual error — moved to errors/,2026-06-20 22:06:32,MIXED
Overpasses_for_America_20260620_220742.png,Overpasses for America,http://overpassesforamerica.com,Visual error — moved to errors/,2026-06-20 22:07:42,MIXED
Piedmont_Tribune_20260620_220814.png,Piedmont Tribune,http://piedmonttribune.com,Visual error — moved to errors/,2026-06-20 22:08:14,MIXED
Men_Going_Their_Own_Way_20260620_220900.png,Men Going Their Own Way,http://mgtow.tv,Visual error — moved to errors/,2026-06-20 22:09:00,LOW
,News-Estonia,http://News-Estonia.com,Not captured,,
eBaum_s_World_20260620_221237.png,eBaum’s World,http://ebaumsworld.com,Visual error — moved to errors/,2026-06-20 22:12:37,MIXED
,Daily Madison,http://dailymadisonnews.com,Not captured,,MIXED
,Adygheya News,http://adygheya-news.com,Not captured,,VERY LOW
,DC Dirty Laundry,http://dcdirtylaundry.com,Not captured,,VERY LOW
,The Religion of Peace,http://www.thereligionofpeace.com,Not captured,,LOW
Savannah_Sun_Times_20260620_221747.png,Savannah Sun Times,http://savannahsuntimes.com,Visual error — moved to errors/,2026-06-20 22:17:47,MIXED
American_Web_Media_AWM_20260620_222019.png,American Web Media (AWM),http://awm.com,Visual error — moved to errors/,2026-06-20 22:20:19,MIXED
,Columbia News,http://columbianews.com,Not captured,,MIXED
,News Sloth,http://newssloth.com,Not captured,,MIXED
,Arkhangelsk News,http://arkhamgelsk-news.net,Not captured,,VERY LOW
News18-India_20260620_222203.png,News18-India,http://news18.com,Visual error — moved to errors/,2026-06-20 22:22:03,MIXED
The_Florida_Standard_20260620_222209.png,The Florida Standard,http://theflstandard.com,Visual error — moved to errors/,2026-06-20 22:22:09,MIXED
NowThisNews_20260620_222222.png,NowThisNews,http://nowthisnews.com,Visual error — moved to errors/,2026-06-20 22:22:22,MIXED
Prntly_20260620_222256.png,Prntly,http://prntly.com,Visual error — moved to errors/,2026-06-20 22:22:56,LOW
ByoBlu_20260620_222306.png,ByoBlu,http://byoblu.com,Visual error — moved to errors/,2026-06-20 22:23:06,VERY LOW
,Real Not Rare,http://realnotrare.com,Not captured,,MIXED
Occupy_Democrats_20260620_222507.png,Occupy Democrats,http://occupydemocrats.com,Visual error — moved to errors/,2026-06-20 22:25:07,LOW
,Copper Courier,http://coppercourier.com,Not captured,,MIXED
,RBC,http://RBC.ru,Not captured,,MIXED
Metapedia_20260620_222737.png,Metapedia,http://en.metapedia.org,Visual error — moved to errors/,2026-06-20 22:27:37,LOW
The_Lid_20260620_222858.png,The Lid,http://lidblog.com,Visual error — moved to errors/,2026-06-20 22:28:58,MIXED
Seacoast_Standard_20260620_222959.png,Seacoast Standard,http://seacoaststandard.org,Visual error — moved to errors/,2026-06-20 22:29:59,MIXED
European_Conservative_20260620_223122.png,European Conservative,http://europeanconservative.com,Visual error — moved to errors/,2026-06-20 22:31:22,MIXED
